PMID,Title,Authors,Citation,First Author,Journal/Book,Publication Year,Create Date,PMCID,NIHMS ID,DOI
"36559937","Classification of Heart Sounds Using Chaogram Transform and Deep Convolutional Neural Network Transfer Learning","Harimi A, Majd Y, Gharahbagh AA, Hajihashemi V, Esmaileyan Z, Machado JJM, Tavares JMRS.","Sensors (Basel). 2022 Dec 7;22(24):9569. doi: 10.3390/s22249569.","Harimi A","Sensors (Basel)","2022","2022/12/23","PMC9782852","","10.3390/s22249569"
"34073201","Deep Learning Methods for Heart Sounds Classification: A Systematic Review","Chen W, Sun Q, Chen X, Xie G, Wu H, Xu C.","Entropy (Basel). 2021 May 26;23(6):667. doi: 10.3390/e23060667.","Chen W","Entropy (Basel)","2021","2021/06/02","PMC8229456","","10.3390/e23060667"
"35079716","Contrastive learning of heart and lung sounds for label-efficient diagnosis","Soni PN, Shi S, Sriram PR, Ng AY, Rajpurkar P.","Patterns (N Y). 2021 Dec 7;3(1):100400. doi: 10.1016/j.patter.2021.100400. eCollection 2022 Jan 14.","Soni PN","Patterns (N Y)","2021","2022/01/26","PMC8767307","","10.1016/j.patter.2021.100400"
"37830333","Deep Learning Algorithms to Detect Murmurs Associated With Structural Heart Disease","Prince J, Maidens J, Kieu S, Currie C, Barbosa D, Hitchcock C, Saltman A, Norozi K, Wiesner P, Slamon N, Del Grippo E, Padmanabhan D, Subramanian A, Manjunath C, Chorba J, Venkatraman S.","J Am Heart Assoc. 2023 Oct 17;12(20):e030377. doi: 10.1161/JAHA.123.030377. Epub 2023 Oct 13.","Prince J","J Am Heart Assoc","2023","2023/10/13","PMC10757522","","10.1161/JAHA.123.030377"
"35512699","A multi-scale and multi-domain heart sound feature-based machine learning model for ACC/AHA heart failure stage classification","Zheng Y, Guo X, Wang Y, Qin J, Lv F.","Physiol Meas. 2022 Jun 28;43(6). doi: 10.1088/1361-6579/ac6d40.","Zheng Y","Physiol Meas","2022","2022/05/05","","","10.1088/1361-6579/ac6d40"
"34891381","Segmentation-free Heart Pathology Detection Using Deep Learning","Bondareva E, Han J, Bradlow W, Mascolo C.","Annu Int Conf IEEE Eng Med Biol Soc. 2021 Nov;2021:669-672. doi: 10.1109/EMBC46164.2021.9630203.","Bondareva E","Annu Int Conf IEEE Eng Med Biol Soc","2021","2021/12/11","","","10.1109/EMBC46164.2021.9630203"
"32420352","A Review of Computer-Aided Heart Sound Detection Techniques","Li S, Li F, Tang S, Xiong W.","Biomed Res Int. 2020 Jan 10;2020:5846191. doi: 10.1155/2020/5846191. eCollection 2020.","Li S","Biomed Res Int","2020","2020/05/19","PMC7201685","","10.1155/2020/5846191"
"34245871","Extraction and assessment of diagnosis-relevant features for heart murmur classification","Levin AD, Ragazzi A, Szot SL, Ning T.","Methods. 2022 Jun;202:110-116. doi: 10.1016/j.ymeth.2021.07.002. Epub 2021 Jul 7.","Levin AD","Methods","2022","2021/07/10","","","10.1016/j.ymeth.2021.07.002"
"36780471","Heart sound classification based on equal scale frequency cepstral coefficients and deep learning","Chen X, Li H, Huang Y, Han W, Yu X, Zhang P, Tao R.","Biomed Tech (Berl). 2023 Feb 15;68(3):285-295. doi: 10.1515/bmt-2021-0254. Print 2023 Jun 27.","Chen X","Biomed Tech (Berl)","2023","2023/02/13","","","10.1515/bmt-2021-0254"
"38083586","Cutting Weights of Deep Learning Models for Heart Sound Classification: Introducing a Knowledge Distillation Approach","Song Z, Zhu L, Wang Y, Sun M, Qian K, Hu B, Yamamoto Y, Schuller BW.","Annu Int Conf IEEE Eng Med Biol Soc. 2023 Jul;2023:1-4. doi: 10.1109/EMBC40787.2023.10340704.","Song Z","Annu Int Conf IEEE Eng Med Biol Soc","2023","2023/12/12","","","10.1109/EMBC40787.2023.10340704"
"34725005","The role of machine learning applications in diagnosing and assessing critical and non-critical CHD: a scoping review","Helman SM, Herrup EA, Christopher AB, Al-Zaiti SS.","Cardiol Young. 2021 Nov;31(11):1770-1780. doi: 10.1017/S1047951121004212. Epub 2021 Nov 2.","Helman SM","Cardiol Young","2021","2021/11/02","PMC8805679","NIHMS1763964","10.1017/S1047951121004212"
"34902505","Deep learning-based computer-aided heart sound analysis in children with left-to-right shunt congenital heart disease","Liu J, Wang H, Yang Z, Quan J, Liu L, Tian J.","Int J Cardiol. 2022 Feb 1;348:58-64. doi: 10.1016/j.ijcard.2021.12.012. Epub 2021 Dec 10.","Liu J","Int J Cardiol","2022","2021/12/13","","","10.1016/j.ijcard.2021.12.012"
"36726774","A Computer-Aided Heart Valve Disease Diagnosis System Based on Machine Learning","Ding SJ, Ding H, Kan MF, Zhuang Y, Xia DY, Sheng SM, Xu XR.","J Healthc Eng. 2023 Jan 19;2023:7382316. doi: 10.1155/2023/7382316. eCollection 2023.","Ding SJ","J Healthc Eng","2023","2023/02/02","PMC9886464","","10.1155/2023/7382316"
"35336432","The Effect of Signal Duration on the Classification of Heart Sounds: A Deep Learning Approach","Bao X, Xu Y, Kamavuako EN.","Sensors (Basel). 2022 Mar 15;22(6):2261. doi: 10.3390/s22062261.","Bao X","Sensors (Basel)","2022","2022/03/26","PMC8951308","","10.3390/s22062261"
"34943586","Deep Learning-Based Heart Sound Analysis for Left Ventricular Diastolic Dysfunction Diagnosis","Yang Y, Guo XM, Wang H, Zheng YN.","Diagnostics (Basel). 2021 Dec 13;11(12):2349. doi: 10.3390/diagnostics11122349.","Yang Y","Diagnostics (Basel)","2021","2021/12/24","PMC8699866","","10.3390/diagnostics11122349"
"28990839","A review of intelligent systems for heart sound signal analysis","Nabih-Ali M, El-Dahshan EA, Yahia AS.","J Med Eng Technol. 2017 Oct;41(7):553-563. doi: 10.1080/03091902.2017.1382584. Epub 2017 Oct 9.","Nabih-Ali M","J Med Eng Technol","2017","2017/10/10","","","10.1080/03091902.2017.1382584"
"35214424","Feature-Based Fusion Using CNN for Lung and Heart Sound Classification","Tariq Z, Shah SK, Lee Y.","Sensors (Basel). 2022 Feb 16;22(4):1521. doi: 10.3390/s22041521.","Tariq Z","Sensors (Basel)","2022","2022/02/26","PMC8875944","","10.3390/s22041521"
"30773957","Phonocardiogram classification using deep neural networks and weighted probability comparisons","Sotaquirá M, Alvear D, Mondragón M.","J Med Eng Technol. 2018 Oct;42(7):510-517. doi: 10.1080/03091902.2019.1576789. Epub 2019 Feb 18.","Sotaquirá M","J Med Eng Technol","2018","2019/02/19","","","10.1080/03091902.2019.1576789"
"37247684","Machine learning-powered, device-embedded heart sound measurement can optimize AV delay in patients with CRT","Westphal P, Luo H, Shahmohammadi M, Prinzen FW, Delhaas T, Cornelussen RN.","Heart Rhythm. 2023 Sep;20(9):1316-1324. doi: 10.1016/j.hrthm.2023.05.025. Epub 2023 May 27.","Westphal P","Heart Rhythm","2023","2023/05/29","","","10.1016/j.hrthm.2023.05.025"
"37499297","A multi-channel UNet framework based on SNMF-DCNN for robust heart-lung-sound separation","Wang W, Qin D, Wang S, Fang Y, Zheng Y.","Comput Biol Med. 2023 Sep;164:107282. doi: 10.1016/j.compbiomed.2023.107282. Epub 2023 Jul 22.","Wang W","Comput Biol Med","2023","2023/07/27","","","10.1016/j.compbiomed.2023.107282"
"38074319","Assistive diagnostic technology for congenital heart disease based on fusion features and deep learning","Wang Y, Yang X, Qian X, Wang W, Guo T.","Front Physiol. 2023 Nov 23;14:1310434. doi: 10.3389/fphys.2023.1310434. eCollection 2023.","Wang Y","Front Physiol","2023","2023/12/11","PMC10701267","","10.3389/fphys.2023.1310434"
"36978685","Simple and Powerful PCG Classification Method Based on Selection and Transfer Learning for Precision Medicine Application","Barnawi A, Boulares M, Somai R.","Bioengineering (Basel). 2023 Feb 26;10(3):294. doi: 10.3390/bioengineering10030294.","Barnawi A","Bioengineering (Basel)","2023","2023/03/29","PMC10045405","","10.3390/bioengineering10030294"
"38002361","Heart Murmur Classification Using a Capsule Neural Network","Tsai YT, Liu YH, Zheng ZW, Chen CC, Lin MC.","Bioengineering (Basel). 2023 Oct 24;10(11):1237. doi: 10.3390/bioengineering10111237.","Tsai YT","Bioengineering (Basel)","2023","2023/11/25","PMC10669720","","10.3390/bioengineering10111237"
"32259811","Automatic heart sound classification from segmented/unsegmented phonocardiogram signals using time and frequency features","Khan FA, Abid A, Khan MS.","Physiol Meas. 2020 Jun 3;41(5):055006. doi: 10.1088/1361-6579/ab8770.","Khan FA","Physiol Meas","2020","2020/04/08","","","10.1088/1361-6579/ab8770"
"32589588","Heart sound classification based on improved MFCC features and convolutional recurrent neural networks","Deng M, Meng T, Cao J, Wang S, Zhang J, Fan H.","Neural Netw. 2020 Oct;130:22-32. doi: 10.1016/j.neunet.2020.06.015. Epub 2020 Jun 23.","Deng M","Neural Netw","2020","2020/06/27","","","10.1016/j.neunet.2020.06.015"
"37887001","MCHeart: Multi-Channel-Based Heart Signal Processing Scheme for Heart Noise Detection Using Deep Learning","Han S, Jeon W, Gong W, Kwak IY.","Biology (Basel). 2023 Sep 27;12(10):1291. doi: 10.3390/biology12101291.","Han S","Biology (Basel)","2023","2023/10/27","PMC10604338","","10.3390/biology12101291"
"35150491","From Heart Murmur to Echocardiography - Congenital Heart Defects Diagnostics Using Machine-Learning Algorithms","Begic E, Gurbeta Pokvic L, Begic Z, Begic N, Dedic M, Mrsic D, Jamakovic M, Vila N, Badnjevic A.","Psychiatr Danub. 2021 Dec;33(Suppl 13):236-246.","Begic E","Psychiatr Danub","2021","2022/02/12","","",""
"38440319","Learning Representations from Heart Sound: A Comparative Study on Shallow and Deep Models","Qian K, Bao Z, Zhao Z, Koike T, Dong F, Schmitt M, Dong Q, Shen J, Jiang W, Jiang Y, Dong B, Dai Z, Hu B, Schuller BW, Yamamoto Y.","Cyborg Bionic Syst. 2024 Mar 4;5:0075. doi: 10.34133/cbsystems.0075. eCollection 2024.","Qian K","Cyborg Bionic Syst","2024","2024/03/05","PMC10911857","","10.34133/cbsystems.0075"
"34891404","Classification of real-world pathological phonocardiograms through multi-instance learning","Duggento A, Conti A, Guerrisi M, Toschi N.","Annu Int Conf IEEE Eng Med Biol Soc. 2021 Nov;2021:771-774. doi: 10.1109/EMBC46164.2021.9630705.","Duggento A","Annu Int Conf IEEE Eng Med Biol Soc","2021","2021/12/11","","","10.1109/EMBC46164.2021.9630705"
"32524434","Automated heart sound classification system from unsegmented phonocardiogram (PCG) using deep neural network","Krishnan PT, Balasubramanian P, Umapathy S.","Phys Eng Sci Med. 2020 Jun;43(2):505-515. doi: 10.1007/s13246-020-00851-w. Epub 2020 Feb 11.","Krishnan PT","Phys Eng Sci Med","2020","2020/06/12","","","10.1007/s13246-020-00851-w"
"32795973","Blind Monaural Source Separation on Heart and Lung Sounds Based on Periodic-Coded Deep Autoencoder","Tsai KH, Wang WC, Cheng CH, Tsai CY, Wang JK, Lin TH, Fang SH, Chen LC, Tsao Y.","IEEE J Biomed Health Inform. 2020 Nov;24(11):3203-3214. doi: 10.1109/JBHI.2020.3016831. Epub 2020 Nov 4.","Tsai KH","IEEE J Biomed Health Inform","2020","2020/08/16","","","10.1109/JBHI.2020.3016831"
"30441416","Deep Unsupervised Representation Learning for Abnormal Heart Sound Classification","Amiriparian S, Schmitt M, Cummins N, Qian K, Dong F, Schuller B.","Annu Int Conf IEEE Eng Med Biol Soc. 2018 Jul;2018:4776-4779. doi: 10.1109/EMBC.2018.8513102.","Amiriparian S","Annu Int Conf IEEE Eng Med Biol Soc","2018","2018/11/17","","","10.1109/EMBC.2018.8513102"
"36871337","Phonocardiogram transfer learning-based CatBoost model for diastolic dysfunction identification using multiple domain-specific deep feature fusion","Zheng Y, Guo X, Yang Y, Wang H, Liao K, Qin J.","Comput Biol Med. 2023 Apr;156:106707. doi: 10.1016/j.compbiomed.2023.106707. Epub 2023 Feb 20.","Zheng Y","Comput Biol Med","2023","2023/03/05","","","10.1016/j.compbiomed.2023.106707"
"33809283","Automatic Evaluation of Heart Condition According to the Sounds Emitted and Implementing Six Classification Methods","Soto-Murillo MA, Galván-Tejada JI, Galván-Tejada CE, Celaya-Padilla JM, Luna-García H, Magallanes-Quintanar R, Gutiérrez-García TA, Gamboa-Rosales H.","Healthcare (Basel). 2021 Mar 12;9(3):317. doi: 10.3390/healthcare9030317.","Soto-Murillo MA","Healthcare (Basel)","2021","2021/04/03","PMC7999739","","10.3390/healthcare9030317"
"32997637","A Robust Interpretable Deep Learning Classifier for Heart Anomaly Detection Without Segmentation","Dissanayake T, Fernando T, Denman S, Sridharan S, Ghaemmaghami H, Fookes C.","IEEE J Biomed Health Inform. 2021 Jun;25(6):2162-2171. doi: 10.1109/JBHI.2020.3027910. Epub 2021 Jun 3.","Dissanayake T","IEEE J Biomed Health Inform","2021","2020/09/30","","","10.1109/JBHI.2020.3027910"
"33370240","Neonatal Heart and Lung Sound Quality Assessment for Robust Heart and Breathing Rate Estimation for Telehealth Applications","Grooby E, He J, Kiewsky J, Fattahi D, Zhou L, King A, Ramanathan A, Malhotra A, Dumont GA, Marzbanrad F.","IEEE J Biomed Health Inform. 2021 Dec;25(12):4255-4266. doi: 10.1109/JBHI.2020.3047602. Epub 2021 Dec 6.","Grooby E","IEEE J Biomed Health Inform","2021","2020/12/28","","","10.1109/JBHI.2020.3047602"
"35773918","Deep Time Growing Neural Network vs Convolutional Neural Network for Intelligent Phonocardiography","Gharehbaghi A, Babic A.","Stud Health Technol Inform. 2022 Jun 29;295:491-494. doi: 10.3233/SHTI220772.","Gharehbaghi A","Stud Health Technol Inform","2022","2022/07/01","","","10.3233/SHTI220772"
"37103637","Design of ear-contactless stethoscope and improvement in the performance of deep learning based on CNN to classify the heart sound","Roy TS, Roy JK, Mandal N.","Med Biol Eng Comput. 2023 Sep;61(9):2417-2439. doi: 10.1007/s11517-023-02827-w. Epub 2023 Apr 27.","Roy TS","Med Biol Eng Comput","2023","2023/04/27","PMC10133919","","10.1007/s11517-023-02827-w"
"36457810","Identification of decompensation episodes in chronic heart failure patients based solely on heart sounds","Susič D, Poglajen G, Gradišek A.","Front Cardiovasc Med. 2022 Nov 15;9:1009821. doi: 10.3389/fcvm.2022.1009821. eCollection 2022.","Susič D","Front Cardiovasc Med","2022","2022/12/02","PMC9705571","","10.3389/fcvm.2022.1009821"
"33017956","Rheumatic Heart Disease Detection Using Deep Learning from Spectro-Temporal Representation of Un-segmented Heart Sounds","Asmare MH, Woldehanna F, Janssens L, Vanrumste B.","Annu Int Conf IEEE Eng Med Biol Soc. 2020 Jul;2020:168-171. doi: 10.1109/EMBC44109.2020.9176544.","Asmare MH","Annu Int Conf IEEE Eng Med Biol Soc","2020","2020/10/06","","","10.1109/EMBC44109.2020.9176544"
"38482387","Automated valvular heart disease detection using heart sound with a deep learning algorithm","Jiang Z, Song W, Yan Y, Li A, Shen Y, Lu S, Lv T, Li X, Li T, Zhang X, Wang X, Qi Y, Hua W, Tang M, Liu T.","Int J Cardiol Heart Vasc. 2024 Mar 5;51:101368. doi: 10.1016/j.ijcha.2024.101368. eCollection 2024 Apr.","Jiang Z","Int J Cardiol Heart Vasc","2024","2024/03/14","PMC10933456","","10.1016/j.ijcha.2024.101368"
"38169906","Deep learning of heart-sound signals for efficient prediction of obstructive coronary artery disease","Ainiwaer A, Hou WQ, Qi Q, Kadier K, Qin L, Rehemuding R, Mei M, Wang D, Ma X, Dai JG, Ma YT.","Heliyon. 2023 Dec 8;10(1):e23354. doi: 10.1016/j.heliyon.2023.e23354. eCollection 2024 Jan 15.","Ainiwaer A","Heliyon","2023","2024/01/03","PMC10758826","","10.1016/j.heliyon.2023.e23354"
"35062109","A-Test Method for Quantifying Structural Risk and Learning Capacity of Supervised Machine Learning Methods","Gharehbaghi A, Babic A.","Stud Health Technol Inform. 2022 Jan 14;289:132-135. doi: 10.3233/SHTI210876.","Gharehbaghi A","Stud Health Technol Inform","2022","2022/01/22","","","10.3233/SHTI210876"
"36523363","Augmented detection of septal defects using advanced optical coherence tomography network-processed phonocardiogram","Huang PK, Yang MC, Wang ZX, Huang YJ, Lin WC, Pan CL, Guo MH.","Front Cardiovasc Med. 2022 Nov 29;9:1041082. doi: 10.3389/fcvm.2022.1041082. eCollection 2022.","Huang PK","Front Cardiovasc Med","2022","2022/12/16","PMC9744752","","10.3389/fcvm.2022.1041082"
"36718204","Application of time-frequency domain and deep learning fusion feature in non-invasive diagnosis of congenital heart disease-related pulmonary arterial hypertension","Ma P, Ge B, Yang H, Guo T, Pan J, Wang W.","MethodsX. 2023 Jan 20;10:102032. doi: 10.1016/j.mex.2023.102032. eCollection 2023.","Ma P","MethodsX","2023","2023/01/31","PMC9883225","","10.1016/j.mex.2023.102032"
"31670683","Heart Sound Segmentation Using Bidirectional LSTMs With Attention","Fernando T, Ghaemmaghami H, Denman S, Sridharan S, Hussain N, Fookes C.","IEEE J Biomed Health Inform. 2020 Jun;24(6):1601-1609. doi: 10.1109/JBHI.2019.2949516. Epub 2019 Oct 25.","Fernando T","IEEE J Biomed Health Inform","2020","2019/11/01","","","10.1109/JBHI.2019.2949516"
"38018148","Hybrid Sneaky algorithm-based deep neural networks for Heart sound classification using phonocardiogram","Shastri RK, Shastri AR, Nitnaware PP, Padulkar DM.","Network. 2024 Feb;35(1):1-26. doi: 10.1080/0954898X.2023.2270040. Epub 2024 Feb 8.","Shastri RK","Network","2024","2023/11/29","","","10.1080/0954898X.2023.2270040"
"36904794","A Low-Cost AI-Empowered Stethoscope and a Lightweight Model for Detecting Cardiac and Respiratory Diseases from Lung and Heart Auscultation Sounds","Zhang M, Li M, Guo L, Liu J.","Sensors (Basel). 2023 Feb 26;23(5):2591. doi: 10.3390/s23052591.","Zhang M","Sensors (Basel)","2023","2023/03/11","PMC10007545","","10.3390/s23052591"
"38139680","Improving Valvular Pathologies and Ventricular Dysfunction Diagnostic Efficiency Using Combined Auscultation and Electrocardiography Data: A Multimodal AI Approach","Shiraga T, Makimoto H, Kohlmann B, Magnisali CE, Imai Y, Itani Y, Makimoto A, Schölzel F, Bejinariu A, Kelm M, Rana O.","Sensors (Basel). 2023 Dec 14;23(24):9834. doi: 10.3390/s23249834.","Shiraga T","Sensors (Basel)","2023","2023/12/23","PMC10748155","","10.3390/s23249834"
"30500785","Supervised threshold-based heart sound classification algorithm","Han W, Yang Z, Lu J, Xie S.","Physiol Meas. 2018 Nov 30;39(11):115011. doi: 10.1088/1361-6579/aae7fa.","Han W","Physiol Meas","2018","2018/12/01","","","10.1088/1361-6579/aae7fa"
"38328674","Algorithm for predicting valvular heart disease from heart sounds in an unselected cohort","Waaler PN, Melbye H, Schirmer H, Johnsen MK, Donnem T, Ravn J, Andersen S, Davidsen AH, Aviles Solis JC, Stylidis M, Bongo LA.","Front Cardiovasc Med. 2024 Jan 24;10:1170804. doi: 10.3389/fcvm.2023.1170804. eCollection 2023.","Waaler PN","Front Cardiovasc Med","2024","2024/02/08","PMC10847556","","10.3389/fcvm.2023.1170804"
"33899438","[Recognition of S1 and S2 heart sounds with two-stream convolutional neural networks]","Shen Y, Wang X, Tang M, Liang J.","Sheng Wu Yi Xue Gong Cheng Xue Za Zhi. 2021 Feb 25;38(1):138-144. doi: 10.7507/1001-5515.201909071.","Shen Y","Sheng Wu Yi Xue Gong Cheng Xue Za Zhi","2021","2021/04/26","PMC10307577","","10.7507/1001-5515.201909071"
"34682696","Cardiovascular Disease Recognition Based on Heartbeat Segmentation and Selection Process","Boulares M, Alotaibi R, AlMansour A, Barnawi A.","Int J Environ Res Public Health. 2021 Oct 18;18(20):10952. doi: 10.3390/ijerph182010952.","Boulares M","Int J Environ Res Public Health","2021","2021/10/23","PMC8535944","","10.3390/ijerph182010952"
"35609471","An accurate valvular heart disorders detection model based on a new dual symmetric tree pattern using stethoscope sounds","Barua PD, Karasu M, Kobat MA, Balık Y, Kivrak T, Baygin M, Dogan S, Demir FB, Tuncer T, Tan RS, Acharya UR.","Comput Biol Med. 2022 Jul;146:105599. doi: 10.1016/j.compbiomed.2022.105599. Epub 2022 May 10.","Barua PD","Comput Biol Med","2022","2022/05/24","","","10.1016/j.compbiomed.2022.105599"
"33338009","Domain Generalization in Biosignal Classification","Dissanayake T, Fernando T, Denman S, Ghaemmaghami H, Sridharan S, Fookes C.","IEEE Trans Biomed Eng. 2021 Jun;68(6):1978-1989. doi: 10.1109/TBME.2020.3045720. Epub 2021 May 21.","Dissanayake T","IEEE Trans Biomed Eng","2021","2020/12/18","","","10.1109/TBME.2020.3045720"
"33569220","Narrative review of the role of artificial intelligence to improve aortic valve disease management","Thoenes M, Agarwal A, Grundmann D, Ferrero C, McDonald A, Bramlage P, Steeds RP.","J Thorac Dis. 2021 Jan;13(1):396-404. doi: 10.21037/jtd-20-1837.","Thoenes M","J Thorac Dis","2021","2021/02/11","PMC7867819","","10.21037/jtd-20-1837"
"35694672","S2 Heart Sound Detects Aortic Valve Calcification Independent of Hemodynamic Changes in Mice","Dargam V, Ng HH, Nasim S, Chaparro D, Irion CI, Seshadri SR, Barreto A, Danziger ZC, Shehadeh LA, Hutcheson JD.","Front Cardiovasc Med. 2022 May 25;9:809301. doi: 10.3389/fcvm.2022.809301. eCollection 2022.","Dargam V","Front Cardiovasc Med","2022","2022/06/13","PMC9174427","","10.3389/fcvm.2022.809301"
"37318972","Parameter-Efficient Densely Connected Dual Attention Network for Phonocardiogram Classification","Ma K, Lu J, Lu B.","IEEE J Biomed Health Inform. 2023 Sep;27(9):4240-4249. doi: 10.1109/JBHI.2023.3286585. Epub 2023 Sep 6.","Ma K","IEEE J Biomed Health Inform","2023","2023/06/15","","","10.1109/JBHI.2023.3286585"
"31226869","Real-Time Smart-Digital Stethoscope System for Heart Diseases Monitoring","Chowdhury MEH, Khandakar A, Alzoubi K, Mansoor S, M Tahir A, Reaz MBI, Al-Emadi N.","Sensors (Basel). 2019 Jun 20;19(12):2781. doi: 10.3390/s19122781.","Chowdhury MEH","Sensors (Basel)","2019","2019/06/23","PMC6630694","","10.3390/s19122781"
"38083420","Recognition of Pediatric Congenital Heart Diseases by Using Phonocardiogram Signals and Transformer-Based Neural Networks","Hassanuzzaman M, Hasan NA, Mamun MAA, Alkhodari M, Ahmed KI, Khandoker AH, Mostafa R.","Annu Int Conf IEEE Eng Med Biol Soc. 2023 Jul;2023:1-4. doi: 10.1109/EMBC40787.2023.10340370.","Hassanuzzaman M","Annu Int Conf IEEE Eng Med Biol Soc","2023","2023/12/12","","","10.1109/EMBC40787.2023.10340370"
"31533092","Heart sound classification using the SNMFNet classifier","Han W, Xie S, Yang Z, Zhou S, Huang H.","Physiol Meas. 2019 Oct 30;40(10):105003. doi: 10.1088/1361-6579/ab45c8.","Han W","Physiol Meas","2019","2019/09/19","","","10.1088/1361-6579/ab45c8"
"37387059","Recurrent vs Non-Recurrent Convolutional Neural Networks for Heart Sound Classification","Gharehbaghi A, Partovi E, Babic A.","Stud Health Technol Inform. 2023 Jun 29;305:436-439. doi: 10.3233/SHTI230525.","Gharehbaghi A","Stud Health Technol Inform","2023","2023/06/30","","","10.3233/SHTI230525"
"33770544","Can empirical mode decomposition improve heartbeat detection in fetal phonocardiography signals?","Vican I, Kreković G, Jambrošić K.","Comput Methods Programs Biomed. 2021 May;203:106038. doi: 10.1016/j.cmpb.2021.106038. Epub 2021 Mar 10.","Vican I","Comput Methods Programs Biomed","2021","2021/03/26","","","10.1016/j.cmpb.2021.106038"
"36989745","An efficient and robust Phonocardiography (PCG)-based Valvular Heart Diseases (VHD) detection framework using Vision Transformer (ViT)","Jamil S, Roy AM.","Comput Biol Med. 2023 May;158:106734. doi: 10.1016/j.compbiomed.2023.106734. Epub 2023 Mar 2.","Jamil S","Comput Biol Med","2023","2023/03/29","","","10.1016/j.compbiomed.2023.106734"
"38261492","Identification of Congenital Valvular Murmurs in Young Patients Using Deep Learning-Based Attention Transformers and Phonocardiograms","Alkhodari M, Hadjileontiadis LJ, Khandoker AH.","IEEE J Biomed Health Inform. 2024 Apr;28(4):1803-1814. doi: 10.1109/JBHI.2024.3357506. Epub 2024 Apr 4.","Alkhodari M","IEEE J Biomed Health Inform","2024","2024/01/23","","","10.1109/JBHI.2024.3357506"
"37203741","Parralel Recurrent Convolutional Neural Network for Abnormal Heart Sound Classification","Gharehbaghi A, Partovi E, Babic A.","Stud Health Technol Inform. 2023 May 18;302:526-530. doi: 10.3233/SHTI230198.","Gharehbaghi A","Stud Health Technol Inform","2023","2023/05/19","","","10.3233/SHTI230198"
"34891292","Do we really need a segmentation step in heart sound classification algorithms?","Oliveira J, Nogueira D, Renna F, Ferreira C, Jorge AM, Coimbra M.","Annu Int Conf IEEE Eng Med Biol Soc. 2021 Nov;2021:286-289. doi: 10.1109/EMBC46164.2021.9630559.","Oliveira J","Annu Int Conf IEEE Eng Med Biol Soc","2021","2021/12/11","","","10.1109/EMBC46164.2021.9630559"
"34690809","Detecting Aortic Valve Anomaly From Induced Murmurs: Insights From Computational Hemodynamic Models","Bailoor S, Seo JH, Schena S, Mittal R.","Front Physiol. 2021 Oct 6;12:734224. doi: 10.3389/fphys.2021.734224. eCollection 2021.","Bailoor S","Front Physiol","2021","2021/10/25","PMC8526559","","10.3389/fphys.2021.734224"
"38082884","Time-Frequency Fragment Selection for Disease Detection from Imbalanced Phonocardiogram Data","Maity A, Saha G.","Annu Int Conf IEEE Eng Med Biol Soc. 2023 Jul;2023:1-4. doi: 10.1109/EMBC40787.2023.10339998.","Maity A","Annu Int Conf IEEE Eng Med Biol Soc","2023","2023/12/12","","","10.1109/EMBC40787.2023.10339998"
"33899423","[A heart sound classification method based on joint decision of extreme gradient boosting and deep neural network]","Wang Z, Jin Y, Zhao L, Liu C.","Sheng Wu Yi Xue Gong Cheng Xue Za Zhi. 2021 Feb 25;38(1):10-20. doi: 10.7507/1001-5515.202006025.","Wang Z","Sheng Wu Yi Xue Gong Cheng Xue Za Zhi","2021","2021/04/26","PMC10307568","","10.7507/1001-5515.202006025"
"31931811","Gated recurrent unit-based heart sound analysis for heart failure screening","Gao S, Zheng Y, Guo X.","Biomed Eng Online. 2020 Jan 13;19(1):3. doi: 10.1186/s12938-020-0747-x.","Gao S","Biomed Eng Online","2020","2020/01/15","PMC6958660","","10.1186/s12938-020-0747-x"
"32250860","A fusion framework based on multi-domain features and deep learning features of phonocardiogram for coronary artery disease detection","Li H, Wang X, Liu C, Zeng Q, Zheng Y, Chu X, Yao L, Wang J, Jiao Y, Karmakar C.","Comput Biol Med. 2020 May;120:103733. doi: 10.1016/j.compbiomed.2020.103733. Epub 2020 Mar 30.","Li H","Comput Biol Med","2020","2020/04/07","","","10.1016/j.compbiomed.2020.103733"
"34689626","A novel multi-branch architecture for state of the art robust detection of pathological phonocardiograms","Duggento A, Conti A, Guerrisi M, Toschi N.","Philos Trans A Math Phys Eng Sci. 2021 Dec 13;379(2212):20200264. doi: 10.1098/rsta.2020.0264. Epub 2021 Oct 25.","Duggento A","Philos Trans A Math Phys Eng Sci","2021","2021/10/25","","","10.1098/rsta.2020.0264"
"34891674","Transferring Cross-Corpus Knowledge: An Investigation on Data Augmentation for Heart Sound Classification","Koike T, Qian K, Schuller BW, Yamamoto Y.","Annu Int Conf IEEE Eng Med Biol Soc. 2021 Nov;2021:1976-1979. doi: 10.1109/EMBC46164.2021.9629714.","Koike T","Annu Int Conf IEEE Eng Med Biol Soc","2021","2021/12/11","","","10.1109/EMBC46164.2021.9629714"
"31940570","Detecting Suspected Pump Thrombosis in Left Ventricular Assist Devices via Acoustic Analysis","Semiz B, Hersek S, Pouyan MB, Partida C, Blazquez-Arroyo L, Selby V, Wieselthaler G, Rehg JM, Klein L, Inan OT.","IEEE J Biomed Health Inform. 2020 Jul;24(7):1899-1906. doi: 10.1109/JBHI.2020.2966178. Epub 2020 Jan 13.","Semiz B","IEEE J Biomed Health Inform","2020","2020/01/16","PMC7380556","NIHMS1608708","10.1109/JBHI.2020.2966178"
"37447685","A New Method for Heart Disease Detection: Long Short-Term Feature Extraction from Heart Sound Data","Guven M, Uysal F.","Sensors (Basel). 2023 Jun 23;23(13):5835. doi: 10.3390/s23135835.","Guven M","Sensors (Basel)","2023","2023/07/14","PMC10347018","","10.3390/s23135835"
"33494031","Convolutional and recurrent neural networks for the detection of valvular heart diseases in phonocardiogram recordings","Alkhodari M, Fraiwan L.","Comput Methods Programs Biomed. 2021 Mar;200:105940. doi: 10.1016/j.cmpb.2021.105940. Epub 2021 Jan 17.","Alkhodari M","Comput Methods Programs Biomed","2021","2021/01/25","","","10.1016/j.cmpb.2021.105940"
"34932490","The CirCor DigiScope Dataset: From Murmur Detection to Murmur Classification","Oliveira J, Renna F, Costa PD, Nogueira M, Oliveira C, Ferreira C, Jorge A, Mattos S, Hatem T, Tavares T, Elola A, Rad AB, Sameni R, Clifford GD, Coimbra MT.","IEEE J Biomed Health Inform. 2022 Jun;26(6):2524-2535. doi: 10.1109/JBHI.2021.3137048. Epub 2022 Jun 3.","Oliveira J","IEEE J Biomed Health Inform","2022","2021/12/21","PMC9253493","NIHMS1813116","10.1109/JBHI.2021.3137048"
"38326488","Artificial intelligence framework for heart disease classification from audio signals","Abbas S, Ojo S, Al Hejaili A, Sampedro GA, Almadhor A, Zaidi MM, Kryvinska N.","Sci Rep. 2024 Feb 7;14(1):3123. doi: 10.1038/s41598-024-53778-7.","Abbas S","Sci Rep","2024","2024/02/07","PMC10850078","","10.1038/s41598-024-53778-7"
"38083243","Early-warning of Cardiac Condition through Detection of Murmur in Heart Sound - A Case Study","Singh Aditya M, Rasipuram S, Chattopadhyay S, Maitra A, Sanjoy P, Maziyar BP, Roy D, Dey S.","Annu Int Conf IEEE Eng Med Biol Soc. 2023 Jul;2023:1-6. doi: 10.1109/EMBC40787.2023.10340924.","Singh Aditya M","Annu Int Conf IEEE Eng Med Biol Soc","2023","2023/12/12","","","10.1109/EMBC40787.2023.10340924"
"32932128","Automatic diagnosis of multiple cardiac diseases from PCG signals using convolutional neural network","Baghel N, Dutta MK, Burget R.","Comput Methods Programs Biomed. 2020 Dec;197:105750. doi: 10.1016/j.cmpb.2020.105750. Epub 2020 Sep 10.","Baghel N","Comput Methods Programs Biomed","2020","2020/09/15","","","10.1016/j.cmpb.2020.105750"
"27576242","Automated Identification of Innocent Still's Murmur in Children","Kang S, Doroshow R, McConnaughey J, Shekhar R.","IEEE Trans Biomed Eng. 2017 Jun;64(6):1326-1334. doi: 10.1109/TBME.2016.2603787. Epub 2016 Aug 26.","Kang S","IEEE Trans Biomed Eng","2017","2016/08/31","","","10.1109/TBME.2016.2603787"
"33017934","Audio for Audio is Better? An Investigation on Transfer Learning Models for Heart Sound Classification","Koike T, Qian K, Kong Q, Plumbley MD, Schuller BW, Yamamoto Y.","Annu Int Conf IEEE Eng Med Biol Soc. 2020 Jul;2020:74-77. doi: 10.1109/EMBC44109.2020.9175450.","Koike T","Annu Int Conf IEEE Eng Med Biol Soc","2020","2020/10/06","","","10.1109/EMBC44109.2020.9175450"
"36576357","Corrigendum to: Novel complex-valued deep learning applied to automatic classification of heart sounds","","Eur Heart J. 2023 Feb 7;44(6):472. doi: 10.1093/eurheartj/ehac817.","","Eur Heart J","2023","2022/12/28","","","10.1093/eurheartj/ehac817"
"31769312","Towards classifying non-segmented heart sound records using instantaneous frequency based features","Alqudah AM.","J Med Eng Technol. 2019 Oct;43(7):418-430. doi: 10.1080/03091902.2019.1688408. Epub 2019 Nov 26.","Alqudah AM","J Med Eng Technol","2019","2019/11/27","","","10.1080/03091902.2019.1688408"
"36038901","On the analysis of data augmentation methods for spectral imaged based heart sound classification using convolutional neural networks","Zhou G, Chen Y, Chien C.","BMC Med Inform Decis Mak. 2022 Aug 29;22(1):226. doi: 10.1186/s12911-022-01942-2.","Zhou G","BMC Med Inform Decis Mak","2022","2022/08/29","PMC9421122","","10.1186/s12911-022-01942-2"
"31309299","An Automatic Approach Using ELM Classifier for HFpEF Identification Based on Heart Sound Characteristics","Liu Y, Guo X, Zheng Y.","J Med Syst. 2019 Jul 15;43(9):285. doi: 10.1007/s10916-019-1415-1.","Liu Y","J Med Syst","2019","2019/07/17","","","10.1007/s10916-019-1415-1"
"34938362","Optimization: Molecular Communication Networks for Viral Disease Analysis Using Deep Leaning Autoencoder","Junejo AR, Kaabar MKA, Li X.","Comput Math Methods Med. 2021 Dec 13;2021:9949328. doi: 10.1155/2021/9949328. eCollection 2021.","Junejo AR","Comput Math Methods Med","2021","2021/12/23","PMC8687764","","10.1155/2021/9949328"
"38194403","ZCHSound: Open-Source ZJU Paediatric Heart Sound Database With Congenital Heart Disease","Jia W, Wang Y, Ye J, Li D, Yin F, Yu J, Chen J, Shu Q, Xu W.","IEEE Trans Biomed Eng. 2024 Jan 9;PP. doi: 10.1109/TBME.2023.3348800. Online ahead of print.","Jia W","IEEE Trans Biomed Eng","2024","2024/01/09","","","10.1109/TBME.2023.3348800"
"38393859","HBNET: A blended ensemble model for the detection of cardiovascular anomalies using phonocardiogram","Netto AN, Abraham L, Philip S.","Technol Health Care. 2024 Feb 1. doi: 10.3233/THC-231290. Online ahead of print.","Netto AN","Technol Health Care","2024","2024/02/23","","","10.3233/THC-231290"
"32012032","Towards Domain Invariant Heart Sound Abnormality Detection Using Learnable Filterbanks","Humayun AI, Ghaffarzadegan S, Ansari MI, Feng Z, Hasan T.","IEEE J Biomed Health Inform. 2020 Aug;24(8):2189-2198. doi: 10.1109/JBHI.2020.2970252. Epub 2020 Jan 31.","Humayun AI","IEEE J Biomed Health Inform","2020","2020/02/04","","","10.1109/JBHI.2020.2970252"
"32640710","Phonocardiogram Signal Processing for Automatic Diagnosis of Congenital Heart Disorders through Fusion of Temporal and Cepstral Features","Aziz S, Khan MU, Alhaisoni M, Akram T, Altaf M.","Sensors (Basel). 2020 Jul 6;20(13):3790. doi: 10.3390/s20133790.","Aziz S","Sensors (Basel)","2020","2020/07/10","PMC7374414","","10.3390/s20133790"
"32972670","A supervised machine learning-based methodology for analyzing dysregulation in splicing machinery: An application in cancer diagnosis","Reyes O, Pérez E, Luque RM, Castaño J, Ventura S.","Artif Intell Med. 2020 Aug;108:101950. doi: 10.1016/j.artmed.2020.101950. Epub 2020 Aug 20.","Reyes O","Artif Intell Med","2020","2020/09/25","","","10.1016/j.artmed.2020.101950"
"38507960","A novel feature-level fusion scheme with multimodal attention CNN for heart sound classification","Ranipa K, Zhu WP, Swamy MNS.","Comput Methods Programs Biomed. 2024 May;248:108122. doi: 10.1016/j.cmpb.2024.108122. Epub 2024 Mar 15.","Ranipa K","Comput Methods Programs Biomed","2024","2024/03/20","","","10.1016/j.cmpb.2024.108122"
"36010243","A Fair Performance Comparison between Complex-Valued and Real-Valued Neural Networks for Disease Detection","Jojoa M, Garcia-Zapirain B, Percybrooks W.","Diagnostics (Basel). 2022 Aug 4;12(8):1893. doi: 10.3390/diagnostics12081893.","Jojoa M","Diagnostics (Basel)","2022","2022/08/26","PMC9406326","","10.3390/diagnostics12081893"
"32843778","Diagnosis of heart diseases by a secure Internet of Health Things system based on Autoencoder Deep Neural Network","Deperlioglu O, Kose U, Gupta D, Khanna A, Sangaiah AK.","Comput Commun. 2020 Oct 1;162:31-50. doi: 10.1016/j.comcom.2020.08.011. Epub 2020 Aug 19.","Deperlioglu O","Comput Commun","2020","2020/08/27","PMC7434639","","10.1016/j.comcom.2020.08.011"
"28423752","A Decision Support System for Cardiac Disease Diagnosis Based on Machine Learning Methods","Gharehbaghi A, Lindén M, Babic A.","Stud Health Technol Inform. 2017;235:43-47.","Gharehbaghi A","Stud Health Technol Inform","2017","2017/04/21","","",""
"38227404","Detection of Coronary Artery Disease Based on Clinical Phonocardiogram and Multiscale Attention Convolutional Compression Network","Yin C, Zheng Y, Ding X, Shi Y, Qin J, Guo X.","IEEE J Biomed Health Inform. 2024 Mar;28(3):1353-1362. doi: 10.1109/JBHI.2024.3354832. Epub 2024 Mar 6.","Yin C","IEEE J Biomed Health Inform","2024","2024/01/16","","","10.1109/JBHI.2024.3354832"
"38700959","Heart Sound Abnormality Detection From Multi-Institutional Collaboration: Introducing a Federated Learning Framework","Qiu W, Quan C, Zhu L, Yu Y, Wang Z, Ma Y, Sun M, Chang Y, Qian K, Hu B, Yamamoto Y, Schuller BW.","IEEE Trans Biomed Eng. 2024 May 3;PP. doi: 10.1109/TBME.2024.3393557. Online ahead of print.","Qiu W","IEEE Trans Biomed Eng","2024","2024/05/03","","","10.1109/TBME.2024.3393557"
"38403604","[Research on bark-frequency spectral coefficients heart sound classification algorithm based on multiple window time-frequency reassignment]","Xia J, Sun J, Yang H, Pan J, Guo T, Wang W.","Sheng Wu Yi Xue Gong Cheng Xue Za Zhi. 2024 Feb 25;41(1):51-59. doi: 10.7507/1001-5515.202212037.","Xia J","Sheng Wu Yi Xue Gong Cheng Xue Za Zhi","2024","2024/02/25","PMC10894746","","10.7507/1001-5515.202212037"
"23746733","A general model for continuous noninvasive pulmonary artery pressure estimation","Smith R, Ventura D.","Comput Biol Med. 2013 Aug 1;43(7):904-13. doi: 10.1016/j.compbiomed.2013.04.010. Epub 2013 Apr 22.","Smith R","Comput Biol Med","2013","2013/06/11","","","10.1016/j.compbiomed.2013.04.010"
